customer_id,churn_prob,churn_pred
4531-AUZNK,0.10918943885357069,0
2296-DKZFP,0.04660829608932686,0
9692-TUSXH,0.6835258327397239,1
5129-JLPIS,0.549401883830733,1
1273-MTETI,0.7774431934665614,1
8757-TFHHJ,0.3682243746579805,0
1322-AGOQM,0.05049067902343248,0
0743-HRVFF,0.05486658782492324,0
0943-ZQPXH,0.20053450742242152,0
3932-CMDTD,0.7572089971477346,1
6892-BOGQE,0.013612688099583874,0
0224-HJAPT,0.45440307838709626,0
2439-LYPMQ,0.4903874830995557,0
7924-GJZFI,0.4695902607070445,0
0823-HSCDJ,0.09635623632240367,0
4826-TZEVA,0.22762156679607454,0
5151-HQRDG,0.11031853019995971,0
6734-GMPVK,0.8225483144946899,1
3951-NJCVI,0.409248692129243,0
0733-VUNUW,0.1901942244821626,0
3571-DPYUH,0.08165490491898697,0
9824-QCJPK,0.060617867786072796,0
7876-DNYAP,0.01085000752682895,0
3890-RTCMS,0.15931406897565112,0
7594-RQHXR,0.7116759920416439,1
3229-USWAR,0.1348606518512597,0
5995-LFTLE,0.027420544506040298,0
1456-TWCGB,0.3352503427228792,0
1552-TKMXS,0.047373923385302934,0
3276-HDUEG,0.6275778776132616,1
0302-JOIVN,0.780760975214406,1
2830-LEWOA,0.0854364325979137,0
5649-TJHOV,0.11805822250337272,0
5886-VLQVU,0.23248005105030112,0
1395-WSWXR,0.10494163383930735,0
6518-LGAOV,0.39209893939798546,0
4514-GFCFI,0.6534505602687664,1
1635-FJFCC,0.3030897876189663,0
7611-YKYTC,0.3187549583342163,0
5829-NVSQN,0.16267477703195937,0
0394-YONDK,0.011535067469595666,0
0991-BRRFB,0.3279090520510321,0
5980-BDHPY,0.03054190097656956,0
8249-THVEC,0.023702486941509178,0
5039-LZRQT,0.15921991829268378,0
9115-YQHGA,0.10789610078709028,0
8174-LNWMW,0.07925120550825368,0
5038-ETMLM,0.08548307042414802,0
6815-ABQFQ,0.23215836286715474,0
8086-OVPWV,0.7627469276827822,1
5451-MHQOF,0.021029733031703815,0
1991-VOPLL,0.18114447139080936,0
6725-TPKJO,0.045259099529539513,0
8879-ZKJOF,0.1022284895631741,0
3597-YASZG,0.078416755823984,0
2969-WGHQO,0.4570339542822284,0
8006-PYCSW,0.2358361432979398,0
3347-YJZZE,0.17812751607317429,0
1696-MZVAU,0.04449920601994477,0
5931-FLJJF,0.5271157980156138,1
3440-JPSCL,0.5858384816631705,1
7923-IYJWY,0.11393577119745414,0
8718-PTMEZ,0.2973316353870328,0
0067-DKWBL,0.49816259353671194,0
6625-IUTTT,0.04036262069333697,0
8637-XJIVR,0.6675461021769922,1
2509-TFPJU,0.014328377633586858,0
0464-WJTKO,0.009561048510173828,0
8292-FRFZQ,0.05447883306554559,0
6844-DZKRF,0.26419478532065466,0
3249-ZPQRG,0.7395827198631938,1
7580-UGXNC,0.38133279984597407,0
3050-RLLXC,0.040789145828162905,0
0581-BXBUB,0.717143034599271,1
8552-OBVRU,0.23305193791714374,0
2388-LAESQ,0.08736909941209507,0
4488-PSYCG,0.1422421443555525,0
9436-ZBZCT,0.5936555559958439,1
2074-GKOWZ,0.603903584281167,1
9753-OYLBX,0.24543643359504913,0
3055-MJDSB,0.1981127277137535,0
5781-RFZRP,0.02451176471469875,0
9761-XUJWD,0.29912633516064663,0
0118-JPNOY,0.40644362171885745,0
8874-EJNSR,0.04445690500601575,0
2867-UIMSS,0.7717733503384152,1
9975-GPKZU,0.029646514859226553,0
6100-QQHEB,0.5988762707765538,1
2896-TBNBE,0.3631824992644363,0
7359-WWYJV,0.08673627897646558,0
6646-JPPHA,0.6470175084542392,1
5550-VFRLC,0.7323047911999415,1
2202-CUYXZ,0.7866660201964397,1
8035-PWSEV,0.6730055569465447,1
3703-KBKZP,0.46037901953105503,0
5599-HVLTW,0.5119459787642714,1
5382-TEMLV,0.07730769076808171,0
6339-TBELP,0.05621576880816732,0
7207-RMRDB,0.1852300628269332,0
2469-DTSGX,0.14496859681447402,0
3704-IEAXF,0.011886347056064974,0
6368-TZZDT,0.1650812661068167,0
7129-AZJDE,0.22866951829769167,0
6407-GSJNL,0.03684265478516663,0
9150-HEPMB,0.050495303872928284,0
1506-YJTYT,0.056539584665376945,0
7134-HBPBS,0.08066760829566375,0
3635-QQRQD,0.020805933218364145,0
6549-NNDYT,0.1896878375392662,0
9796-BPKIW,0.5270363069486289,1
8069-YQQAJ,0.1836750948715603,0
8242-SOQUO,0.7546624369208399,1
3308-DGHKL,0.015090453182415609,0
8740-CRYFY,0.7662930470023576,1
8109-YUOHE,0.24458123511283975,0
3976-NLDEZ,0.24580528309496313,0
6248-BSHKG,0.015610321919110562,0
3970-XGJDU,0.02046399171414199,0
0634-SZPQA,0.4600001882955608,0
2589-AYCRP,0.03480754550711415,0
3800-LYTRK,0.19003797595527605,0
6563-VRERX,0.05255820822212416,0
9938-ZREHM,0.10011883628349008,0
2220-IAHLS,0.24140378376630822,0
8979-CAMGB,0.1668552072177753,0
0270-THENM,0.016335850675243898,0
9611-CTWIH,0.7870698697442801,1
8885-QSQBX,0.3670673992098559,0
9030-QGZNL,0.19337925919815513,0
2810-FTLEM,0.3512462173521226,0
6350-XFYGW,0.7971015368392417,1
6993-YGFJV,0.094641735130771,0
4097-YODCF,0.47853976722103,0
0376-OIWME,0.46793124120755125,0
5022-JNQEQ,0.4942940339806201,0
5515-AKOAJ,0.23110443884438175,0
6956-SMUCM,0.7128851809632839,1
5103-MHMHY,0.28630872742399266,0
9391-DXGGG,0.24704114351710352,0
7519-JTWQH,0.09519495712075733,0
6131-FOYAS,0.21883200524021792,0
9681-OXGVC,0.8081692091522693,1
1977-STDKI,0.7444168094112882,1
7302-ZHMHP,0.24049359880512486,0
0661-XEYAN,0.26549569643706095,0
6007-TCTST,0.0675985628332104,0
1682-VCOIO,0.1086238324811023,0
2454-RPBRZ,0.7371229578951742,1
8710-YGLWG,0.34583822721070856,0
0742-LAFQK,0.1648078952125572,0
7064-JHXCE,0.01483766436434178,0
8242-JSVBO,0.2870314907941954,0
1471-GIQKQ,0.5127886423519391,1
6778-EICRF,0.195968327216462,0
1360-XFJMR,0.09745710158014902,0
5702-KVQRD,0.051387291595279334,0
7602-MVRMB,0.06118729870272678,0
0236-HFWSV,0.7005709013896749,1
0880-FVFWF,0.24672664391133928,0
9052-DHNKM,0.30312927285345154,0
6121-TNHBO,0.043489234229998015,0
4693-VWVBO,0.34453419288385095,0
1565-RHDJD,0.5671806706613721,1
0696-UKTOX,0.16928225790981166,0
8267-KFGYD,0.19638378317249294,0
2632-TACXW,0.02130921209519589,0
1744-JHKYS,0.12240081891044885,0
0578-SKVMF,0.49843648508052396,0
0670-KDOMA,0.2445159448590242,0
8065-BVEPF,0.13556976249244598,0
3301-VKTGC,0.06906117860457878,0
7660-HDPJV,0.7297606483958622,1
2843-CQMEG,0.17261703812428036,0
6870-ZWMNX,0.026923918513042946,0
1403-LKLIK,0.05206477994305086,0
2446-BEGGB,0.7939313032692147,1
6164-HAQTX,0.017537709875214438,0
3387-VATUS,0.6764849552261623,1
3407-JMJQQ,0.09388111859656081,0
3580-HYCSP,0.09230218834888532,0
5453-AXEPF,0.4674930383576727,0
4132-KALRO,0.6115579263542165,1
6506-EYCNH,0.06357543965274631,0
6400-BWQKW,0.7244379015181253,1
6916-HIJSE,0.041363490202375036,0
5186-PEIZU,0.06514756731316236,0
6048-NJXHX,0.08467243005717498,0
6134-KWTBV,0.02220885595452497,0
6289-CPNLD,0.09290684653879468,0
5312-UXESG,0.30926761269529063,0
2514-GINMM,0.7682480835196149,1
2580-ASVVY,0.10532722222409747,0
6416-JNVRK,0.080948613855619,0
3739-YBWAB,0.08053735706919725,0
6917-YACBP,0.23447676914628024,0
8614-VGMMV,0.35666083821129324,0
5181-OABFK,0.04281900722747318,0
2977-CEBSX,0.04376452868206197,0
1624-NALOJ,0.7729700742443084,1
5495-GPSRW,0.12067400351736862,0
6303-KFWSL,0.2513182515688903,0
5624-BQSSA,0.24709919635982686,0
6681-ZSEXG,0.054891354047175905,0
9185-TQCVP,0.664657117927799,1
8272-ONJLV,0.7370207085663352,1
3398-ZOUAA,0.5131351911530164,1
9140-CZQZZ,0.03141311086481632,0
6418-PIQSP,0.04175602574397581,0
9637-EIHEQ,0.40619143197251095,0
9953-ZMKSM,0.022041097994315265,0
9830-ECLEN,0.03164203770179174,0
9058-CBREO,0.3717043662527456,0
5321-NTRKC,0.03978933231746362,0
4654-DLAMQ,0.1304421634109112,0
4673-KKSLS,0.39518785572692794,0
1031-IIDEO,0.7361890560630965,1
3512-IZIKN,0.02182917087172569,0
4439-JMPMT,0.5872413037286952,1
0027-KWYKW,0.48953227409331856,0
4291-YZODP,0.1549304532850116,0
0212-ISBBF,0.2937853864590009,0
3014-WJKSM,0.316761374270025,0
0411-EZJZE,0.5416633441951513,1
6698-OXETB,0.1720880216633471,0
0193-ESZXP,0.12918507371473834,0
6202-JVYEU,0.2882967583436052,0
1848-LBZHY,0.30056230120772937,0
8161-QYMTT,0.7723440514056403,1
0454-OKRCT,0.22407321778775444,0
1215-EXRMO,0.03377042388053029,0
0931-MHTEM,0.20697057717992282,0
5985-BEHZK,0.10963742667274053,0
9921-EZKBY,0.31033802592971704,0
4878-BUNFV,0.03587842461175486,0
4811-JBUVU,0.28430377335410373,0
5673-FSSMF,0.5632128871309027,1
4301-VVZKA,0.5988961700993038,1
4828-FAZPK,0.4028805085659593,0
6000-UKLWI,0.05149985081142041,0
7395-XWZOY,0.15043631033552018,0
6380-ARCEH,0.24433212756028688,0
3729-OWRVL,0.18415697028564554,0
2856-HYAPG,0.7275960587202527,1
7856-GANIL,0.18785686038150767,0
4459-BBGHE,0.16150569429667913,0
9661-JALZV,0.027103808690967474,0
7753-USQYQ,0.07444369530766659,0
1015-JPFYW,0.15337311326395386,0
7665-NKLAV,0.04418070809230723,0
9053-EJUNL,0.40330904175153964,0
5117-ZSMHQ,0.025228795951740553,0
0117-LFRMW,0.06416383158732655,0
9389-ACWBI,0.4744840442880356,0
6946-LMSQS,0.5674276346444167,1
1725-MIMXW,0.19140580821299524,0
3996-ZNWYK,0.009933670247742976,0
0899-WZRSD,0.14495140615937394,0
8815-LMFLX,0.08019900008251601,0
0699-NDKJM,0.05188457304833717,0
2424-WVHPL,0.6581532992272062,1
6797-LNAQX,0.08050097810829225,0
2043-WVTQJ,0.3847010823736933,0
4057-FKCZK,0.09840164040284144,0
8512-WIWYV,0.07529270221692848,0
5135-GRQJV,0.08681515408736655,0
5597-GLBUC,0.7886636105605147,1
7997-EASSD,0.06819101586617601,0
4785-FCIFB,0.022586320075752193,0
1755-FZQEC,0.05577082925708222,0
5364-XYIRR,0.31512598257836355,0
7572-KPVKK,0.1446740043136088,0
5115-SQAAU,0.012161756397699277,0
6147-CBCRA,0.0687600055471481,0
3692-JHONH,0.3577940425044417,0
1088-CNNKB,0.03925063387319081,0
3810-DVDQQ,0.06989228882863067,0
7831-QGOXH,0.6350718336235512,1
3474-BAFSJ,0.03298514619097189,0
3842-IYKUE,0.22483892629822014,0
8519-QJGJD,0.630947148656164,1
9747-DDZOS,0.6203383956433648,1
4106-HADHQ,0.08130822824963699,0
0017-IUDMW,0.06886409936740279,0
4763-PGDPO,0.7075581036286617,1
8751-EDEKA,0.3932956299360107,0
3104-OWCGK,0.17536923350741987,0
3148-BLQJT,0.2439647735694175,0
2815-CPTUL,0.5616756343079325,1
5073-WXOYN,0.07161218811920232,0
4760-THGOT,0.39399163395875764,0
2724-FJDYW,0.05324666829615158,0
7639-OPLNG,0.02142288526961407,0
3298-QEICA,0.06816886429182667,0
9362-MWODR,0.06073660854110417,0
7446-SFAOA,0.05796519474254789,0
4737-AQCPU,0.017071384805530634,0
9522-ZSINC,0.25331705560016515,0
3745-HRPHI,0.015781404899140466,0
2669-QVCRG,0.24287546177102104,0
0980-FEXWF,0.12051517632238895,0
6701-YVNQG,0.031499194133348424,0
1177-XZBJL,0.03342828660358393,0
7771-CFQRQ,0.042949334432785,0
2252-JHJGE,0.2711694228974595,0
0661-KBKPA,0.04420445178975179,0
8851-RAGOV,0.15685245247638518,0
6979-TNDEU,0.1883074028966348,0
2072-ZVJJX,0.016911404083000247,0
1222-KJNZD,0.03886982915579024,0
9372-TXXPS,0.030321167083536674,0
5982-PSMKW,0.18385451054208207,0
2495-KZNFB,0.49845376337658936,0
0207-MDKNV,0.6538714022800435,1
1346-PJWTK,0.09381961273560238,0
3758-CKOQL,0.12753802028402303,0
6959-GQEGV,0.1989573682074916,0
2604-IJPDU,0.5487812765510963,1
6174-NRBTZ,0.05092186703423412,0
6323-AYBRX,0.023392174526806944,0
0048-PIHNL,0.03518807742614599,0
7811-JIVPF,0.17907731146828862,0
7729-JTEEC,0.39030000116574903,0
5846-ABOBJ,0.014594926954054965,0
9221-OTIVJ,0.7546416542136047,1
2889-FPWRM,0.09216637494499104,0
7945-HLKEA,0.06109366113673136,0
9367-TCUYN,0.16500450670367323,0
2277-BKJKN,0.17117748988223333,0
7633-MVPUY,0.06035006652829664,0
4315-MURBD,0.5145961395259403,1
0734-OXWBT,0.27734395521103766,0
8714-EUHJO,0.43752423264900653,0
0818-OCPZO,0.5195302098140323,1
0021-IKXGC,0.7409932366088734,1
8383-SGHJU,0.1631296135700645,0
6347-DCUIK,0.5256515327320429,1
1976-CFOCS,0.48133049064342076,0
4854-CIDCF,0.7304313067110882,1
9127-QRZMH,0.05998365408585056,0
1196-AMORA,0.6928573634604078,1
6713-OKOMC,0.20747809915130583,0
9820-RMCQV,0.26687545833473286,0
5902-WBLSE,0.010453666644732759,0
7563-BIUPC,0.7392393722425636,1
7683-CBDKJ,0.3626268371226854,0
6522-OIQSX,0.02160544532061996,0
0388-EOPEX,0.7320588284947953,1
7921-BEPCI,0.029113341737808097,0
8859-DZTGQ,0.07224698897366315,0
3683-QKIUE,0.23314121747389582,0
2144-ESWKO,0.06280408020441738,0
5057-RKGLH,0.13861033817874,0
2692-PFYTJ,0.26530164592669564,0
3021-VLNRJ,0.045174988816038736,0
1045-LTCYT,0.14574578631428467,0
7401-JIXNM,0.05373423571537656,0
2657-VPXTA,0.654571946356264,1
5022-KVDQT,0.5187848130512026,1
2305-MRGLV,0.24102829421845412,0
3865-YIOTT,0.08553208152921289,0
9577-WJVCQ,0.031243737872498182,0
3847-BAERP,0.17999717195720713,0
4032-RMHCI,0.049553675871762,0
7658-UYUQS,0.45311297261050937,0
9274-UARKJ,0.5149819153445322,1
0847-HGRML,0.015529155989784764,0
6078-VESFR,0.4620858803786327,0
4223-WOZCM,0.3586020699640109,0
0942-KOWSM,0.11841243728320305,0
7789-HKSBS,0.3201586091714775,0
9432-RUVSL,0.18620710984556385,0
3644-QXEHN,0.6609862384832285,1
4683-WYDOU,0.11458868436376754,0
0925-VYDLG,0.7358833990817135,1
2960-NKRSO,0.46348105575304543,0
2639-UGMAZ,0.050206404434286284,0
2898-LSJGD,0.2563248963831532,0
2884-GBPFB,0.3664001976962149,0
4659-NZRUF,0.6698542990058807,1
0867-LDTTC,0.34043533781386315,0
7781-EWARA,0.026343151325763165,0
4822-RVYBB,0.7869111027045443,1
9800-OUIGR,0.012432186823517755,0
3533-UVMOM,0.04097381482236006,0
8457-XIGKN,0.12046293181003769,0
2990-OGYTD,0.037196145010537966,0
5203-XEHAX,0.24354353210996993,0
8295-KMENE,0.03270458854676651,0
8720-RQSBJ,0.48318689307269486,0
9799-CAYJJ,0.7116826703661798,1
3717-OFRTN,0.24268198300196306,0
2868-MZAGQ,0.7673608489933309,1
8606-OEGQZ,0.11082683897642327,0
9065-ZCPQX,0.026036710608558274,0
4587-NUKOX,0.7505075264587874,1
8985-OOPOS,0.37661680181191737,0
7636-OWBPG,0.19196091380092783,0
5825-XJOCM,0.06652070337427307,0
4183-WCSEP,0.352583830147124,0
5275-PMFUT,0.014796608618036878,0
1751-NCDLI,0.3846751966656117,0
6693-DJWTY,0.09647399482725705,0
4002-BQWPQ,0.19441256849078606,0
6954-OOYZZ,0.1894704685628701,0
9039-RBEEE,0.0630528547206959,0
5170-PTRKA,0.022968881738162663,0
7346-MEDWM,0.21205290949212005,0
5233-GEEAX,0.3385016981313544,0
3511-APPBJ,0.5091820183429686,1
7143-BQIBA,0.24212715341702237,0
2967-MXRAV,0.1822632361824985,0
7473-ZBDSN,0.11099283838419398,0
0265-EDXBD,0.4200960752422295,0
1386-ZIKUV,0.19443566891269984,0
0420-BWTPW,0.16348363760490592,0
1009-IRMNA,0.1977304500132601,0
3938-YFPXD,0.03029151334060259,0
3727-OWVYD,0.1383983245109479,0
5937-EORGB,0.7038033484269971,1
2791-SFVEW,0.18441520228495187,0
0980-PVMRC,0.11777015163513727,0
3648-GZPHF,0.048174783203520095,0
9677-AVKED,0.08931756158872252,0
1576-PFZIW,0.11937932031216583,0
9462-MJUAW,0.34037118676503286,0
7511-YMXVQ,0.4022603980740626,0
7128-GGCNO,0.17812712389750174,0
7492-TAFJD,0.20174545372643368,0
8901-UPRHR,0.059773439822040766,0
5044-XDPYX,0.035575996372286076,0
1010-DIAUQ,0.683631265393469,1
2691-NZETQ,0.7227715416829924,1
7586-ZATGZ,0.39347863477210404,0
1810-MVMAI,0.15679188757991555,0
7296-PIXQY,0.5223895056281664,1
9985-MWVIX,0.6045112883104499,1
7028-DVOIQ,0.5179591972106133,1
0420-TXVSG,0.04068461540956826,0
6953-PBDIN,0.025328935410923074,0
1090-ESELR,0.055765802113058115,0
8903-XEBGX,0.45417557529941655,0
9541-PWTWO,0.06653362494932415,0
1099-BTKWT,0.05243030493300709,0
8807-ARQET,0.12750841390505274,0
0673-IGUQO,0.24525214894874772,0
0709-TVGUR,0.6777086090725404,1
9269-CQOOL,0.3039919840955359,0
7798-JVXYM,0.3580020214983829,0
7524-VRLPL,0.028320739747009275,0
8752-IMQOS,0.16063195969038513,0
0048-LUMLS,0.2486682965770649,0
6410-LEFEN,0.4010643694515719,0
5149-TGWDZ,0.4426645676650594,0
5514-YQENT,0.3319306834326295,0
3063-QFSZL,0.5398294347829933,1
4458-KVRBJ,0.026104099703437075,0
6631-HMANX,0.029584223272980884,0
3069-SSVSN,0.26568983755433134,0
4366-CTOUZ,0.16661736127254687,0
4685-ERGHK,0.24034759397959657,0
5756-OZRIO,0.04841709495831817,0
3845-JHAMY,0.13736344045528065,0
5935-FCCNB,0.6852007464534556,1
3468-DRVQJ,0.4282214824808622,0
3583-KRKMD,0.3391839576571391,0
2419-FSORS,0.13163661991793835,0
1357-BIJKI,0.3407355145264968,0
4480-QQRHC,0.5473247547978594,1
1589-AGTLK,0.46765379669048796,0
9631-XEYKE,0.3504504788496693,0
7503-ZGUZJ,0.6710509025857117,1
3452-FLHYD,0.09697192931585982,0
5219-YIPTK,0.5548486721957602,1
5951-AOFIH,0.1630125675778368,0
3774-VBNXY,0.013629259965118245,0
8348-JLBUG,0.09713309210339226,0
0396-YCHWO,0.47686161137175764,0
5419-JKZNQ,0.3183164632695758,0
8808-ELEHO,0.7152897220238996,1
4950-HKQTE,0.12511739201145072,0
6933-FHBZC,0.17800132728922471,0
3165-HDOEW,0.2763542625081011,0
9097-ZUBYC,0.16323313546946328,0
1482-OXZSY,0.43379702798952124,0
8946-BFWSG,0.015724206621261966,0
4256-ZWTZI,0.19170115414301833,0
4393-OBCRR,0.22842254740082987,0
0074-HDKDG,0.15199589949212688,0
0468-YRPXN,0.33148771018842416,0
7010-ZMVBF,0.09742953623364302,0
5835-BEQEU,0.7424079984716736,1
9755-JHNMN,0.05856943391326114,0
8084-OIVBS,0.1709565221294467,0
4039-HEUNW,0.48232671900223983,0
3446-QDSZF,0.36352027150502225,0
9873-MNDKV,0.2519632729721004,0
6341-JVQGF,0.11454192883690947,0
8859-YSTWS,0.038076035219891155,0
1777-JYQPJ,0.25123474338059854,0
2688-BHGOG,0.6990532770806653,1
7032-LMBHI,0.13597372519522535,0
6005-OBZPH,0.5685705271716012,1
8311-UEUAB,0.06141575144149244,0
4959-JOSRX,0.3240581030021029,0
4927-WWOOZ,0.7932287966378678,1
5334-JLAXU,0.14474077028284837,0
6322-PJJDJ,0.3353435595992181,0
2682-KEVRP,0.11222052917612513,0
6905-NIQIN,0.3721693811178745,0
6685-XSHHU,0.016486977377916594,0
6993-YCOBK,0.1673259556190695,0
3887-PBQAO,0.03484731659086555,0
4697-LUPSU,0.17978566817831432,0
9465-RWMXL,0.43960800194880834,0
3981-QSVQI,0.1898334542933433,0
4451-RWASJ,0.10800471771032923,0
2256-YLYLP,0.020676000348928768,0
9701-CDXHR,0.13332213440125146,0
6664-FPDAC,0.2581980406674008,0
5351-QESIO,0.20646846417188502,0
3258-SANFR,0.29644817244202704,0
2968-SSGAA,0.7715782050306668,1
1421-HCERK,0.3416526378210347,0
7534-BFESC,0.5263265147666092,1
1357-MVDOZ,0.24347568901792047,0
9548-LERKT,0.09879916301453981,0
5244-IRFIH,0.5058014976454428,1
7982-VCELR,0.3440410418757707,0
5727-MYATE,0.024581277272786913,0
7401-RUBNK,0.5743844146303384,1
3999-QGRJH,0.6662551205827781,1
1853-UDXBW,0.6604247877128476,1
7434-SHXLS,0.24691407177299393,0
5934-RMPOV,0.5174574597373571,1
1488-SYSFC,0.09853000982616837,0
8065-YKXKD,0.6687776580456739,1
5442-PPTJY,0.12200679948396215,0
4236-UJPWO,0.3775324680715961,0
5245-VDBUR,0.04123449656922279,0
9796-MVYXX,0.14575797372166854,0
9507-HSMMZ,0.029430823588542758,0
5566-SOEZD,0.29526842756554234,0
1498-NHTLT,0.06953008112584086,0
9214-EKVXR,0.3417963269799369,0
1895-QTKDO,0.3415724426862789,0
6519-CFDBX,0.4790149385187629,0
0354-WYROK,0.3670811086903846,0
1837-YQUCE,0.019966337180093708,0
4750-UKWJK,0.05769404238786286,0
7766-CLTIC,0.23741016403153964,0
9675-ICXCT,0.03584925351020291,0
2996-XAUVF,0.013955501440564438,0
0906-QVPMS,0.08784645152376525,0
7521-YXVZY,0.1794453478106889,0
7134-MJPDY,0.09360982792001793,0
6075-QMNRR,0.056547724798647815,0
0308-GIQJT,0.08050465345278926,0
4290-BSXUX,0.5072948066745402,1
4851-BQDNX,0.315641861230169,0
7148-XZPHA,0.11890126594839132,0
8042-JVNFH,0.6102078213000037,1
8237-ULIXL,0.014077540360562529,0
9092-GDZKO,0.12209849552114282,0
6734-CKRSM,0.22754662549173932,0
5919-VCZYM,0.23565681575501934,0
4026-SKKHW,0.25580944594014215,0
3398-FSHON,0.7196956050451963,1
7459-IMVYU,0.16137739234171222,0
5921-NGYRH,0.08597025634498495,0
8679-LZBMD,0.24382097488949264,0
9229-RQABD,0.13988083708690133,0
9514-JDSKI,0.45260018356375253,0
7838-LAZFO,0.12224291955418085,0
6715-OFDBP,0.5678200340533506,1
7895-VONWT,0.25872310858692493,0
6328-ZPBGN,0.6168386721870132,1
4631-OACRM,0.6392989308608366,1
8573-JGCZW,0.13548406176953673,0
5402-HTOTQ,0.37494800591990235,0
4962-CHQPW,0.06409169449594199,0
0851-DFJKB,0.30119230291145277,0
5478-JJVZK,0.14861980837394462,0
7470-DYNOE,0.11455030380297096,0
4139-JPIAM,0.03478371334196984,0
9396-ZSFLL,0.23453386681309227,0
8630-QSGXK,0.05961810379597308,0
2400-XIWIO,0.059227475037949125,0
9650-VBUOG,0.046257739074675314,0
3810-PJUHR,0.011580550624071715,0
5956-YHHRX,0.6902961095077511,1
8622-ZLFKO,0.7599199812918553,1
9531-NSBMR,0.06248451063197516,0
9903-LYSAB,0.5663357896486337,1
2812-SFXMJ,0.19326117522217418,0
8778-LMWTJ,0.6790116119102243,1
2673-CXQEU,0.3460605198541973,0
6036-TTFYU,0.13505566462926288,0
2096-XOTMO,0.10350685892314512,0
7905-NJMXS,0.3946712059757878,0
6141-OOXUQ,0.2423163144387004,0
1093-YSWCA,0.16969065323951368,0
4732-RRJZC,0.14934987114503306,0
4942-VZZOM,0.04435280567705998,0
0750-EBAIU,0.3012658291624728,0
4902-OHLSK,0.47092573165026724,0
6885-PKOAM,0.031070573522591526,0
7941-RCJOW,0.018071409914157534,0
9158-VCTQB,0.27109651589545963,0
9866-QEVEE,0.48434519608253346,0
3946-JEWRQ,0.23595023379641206,0
4628-CTTLA,0.06553644981861688,0
4912-PIGUY,0.7858296396889424,1
8465-SBRXP,0.17880380048714767,0
3913-FCUUW,0.016528889702931447,0
9170-ARBTB,0.0227809326413418,0
1400-MMYXY,0.8302734529977069,1
4727-MCYZG,0.3952301748683684,0
0376-YMCJC,0.4977024163673893,0
9057-SIHCH,0.8099498319482453,1
2038-LLMLM,0.29734958093050406,0
1930-QPBVZ,0.05427350091728087,0
6048-UWKAL,0.08312973876628006,0
1184-PJVDB,0.6811208405977005,1
6650-BWFRT,0.09108942707719028,0
7721-DVEKZ,0.2423163144387004,0
8191-XWSZG,0.03249170373376696,0
5619-PTMIK,0.12570111369424575,0
8158-WPEZG,0.2446922324568527,0
9974-JFBHQ,0.07231070070542081,0
0870-VEMYL,0.2524925153616825,0
7399-QHBJS,0.015373267748759118,0
3654-ARMGP,0.05269276380910793,0
1468-DEFNC,0.014800165333272976,0
6818-WOBHJ,0.0977316745913576,0
5546-QUERU,0.15855483297417267,0
7717-BICXI,0.016358358600140926,0
4836-WNFNO,0.014119043927292609,0
5820-PTRYM,0.04246834675100955,0
1963-SVUCV,0.48965163388271143,0
4817-VYYWS,0.5787549506827134,1
4939-KYYPY,0.20316265090522143,0
9135-MGVPY,0.03319265331699459,0
2282-YGNOR,0.11177954553027324,0
8292-TYSPY,0.15622320034579237,0
7548-SEPYI,0.7947102607020367,1
8992-JQYUN,0.5029700628196634,1
6270-OMFIW,0.23460896285274044,0
6427-FEFIG,0.20816186694097175,0
8938-UMKPI,0.42145825326873954,0
0617-AQNWT,0.03576730718658475,0
0191-ZHSKZ,0.32125756765766966,0
6513-EECDB,0.7374494257149952,1
9734-YWGEX,0.6520400278706351,1
3269-ATYWD,0.31817763610769645,0
8089-UZWLX,0.11696063739155849,0
1494-EJZDW,0.13291324101809618,0
4706-DGAHW,0.4891541956140585,0
5669-SRAIP,0.4169807005982188,0
1902-XBTFB,0.5405168002576327,1
7321-PKUYW,0.6264043338466551,1
1394-SUIUH,0.24952886608512392,0
0531-ZZJWQ,0.203322831772282,0
7067-KSAZT,0.23694911939852775,0
5172-RKOCB,0.0784469272363338,0
9847-HNVGP,0.13618506811985268,0
2180-DXNEG,0.7381765579764143,1
5133-POWUA,0.349902515613794,0
5995-SNNEW,0.6608501369752485,1
7225-IILWY,0.012746679847364292,0
6817-WTYHE,0.3358230052149361,0
0239-OXEXL,0.21397000249089615,0
4395-PZMSN,0.7577817026512331,1
7845-URHJN,0.184014395660772,0
4724-WXVWF,0.2634408426075357,0
3026-ATZYV,0.12075872562845784,0
6581-NQCBA,0.24738393460016284,0
5515-RUGKN,0.320087267658909,0
5628-RKIFK,0.2515204300631617,0
2812-ENYMO,0.11840454731345826,0
9027-YFHQJ,0.2141629613493476,0
9225-BZLNZ,0.07881014509347019,0
3166-PNEOF,0.05054905672881167,0
8096-LOIST,0.3482196381650265,0
5606-AMZBO,0.5337173167292065,1
1442-OKRJE,0.10333651636554235,0
6689-TCZHQ,0.7328583214262946,1
7167-PCEYD,0.016636617924269907,0
3780-DDGSE,0.14969579128763327,0
2664-XJZNO,0.0551402119428221,0
8766-PAFNE,0.027323387391546754,0
5813-UECBU,0.3252889654394141,0
7252-NTGSS,0.34696497038622265,0
6015-VVHHE,0.6235770229341566,1
7103-ZGVNT,0.020084068138911535,0
1676-MQAOA,0.02535079627105049,0
9411-TPQQV,0.06712227791870586,0
4529-CKBCL,0.7627469276827822,1
1697-BCSHV,0.043659776336979594,0
4662-EKDPQ,0.4156714153800871,0
1855-CFULU,0.21997672428816817,0
3914-FDRHP,0.6290978247009161,1
5003-OKNNK,0.10964567882644588,0
3908-BLSYF,0.7432881309910233,1
2786-GCDPI,0.2834899499477431,0
7295-JOMMD,0.5255339692178477,1
9603-OAIHC,0.7330845400816233,1
2834-JKOOW,0.15585111265586743,0
8780-IXSTS,0.7661233915152593,1
4530-NDRKU,0.06088761579655245,0
1866-RZZQS,0.4480490087369644,0
3097-NQYSN,0.6603619125680644,1
0556-FJEGU,0.042101120454236016,0
7396-VJUZB,0.24818705956181877,0
1265-ZFOSD,0.03855141017004002,0
8548-AWOFC,0.044576132902968815,0
8663-UPDGF,0.2205944278179425,0
0940-OUQEC,0.558008538333507,1
4716-MRVEN,0.08460837384337498,0
7989-AWGEH,0.06618305959009892,0
9728-FTTVZ,0.7297606483958622,1
1623-NLDOT,0.03968821437364964,0
9845-PEEKO,0.12118693386247088,0
8455-HIRAQ,0.27719715923580834,0
5919-TMRGD,0.710653748631298,1
5318-YKDPV,0.06786562240626269,0
4475-NVTLU,0.05382640286086504,0
1112-CUNAO,0.6857545204337182,1
3266-FTKHB,0.1343224816447764,0
4208-UFFGW,0.33604504436727684,0
1766-GKNMI,0.5144150617439627,1
0206-TBWLC,0.17541642952490533,0
1098-TDVUQ,0.24085739116224292,0
3524-WQDSG,0.2293526564487542,0
6855-VLGOS,0.017234263351230694,0
7609-NRNCA,0.13525107009875056,0
6686-YPGHK,0.21067576470898217,0
1360-JYXKQ,0.2193874090684235,0
6198-ZFIOJ,0.7196016571122591,1
6108-OQZDQ,0.7479730972504686,1
4521-YEEHE,0.5328599740029824,1
8972-HJWNV,0.7279486876396017,1
4115-BNPJY,0.11229813416884338,0
4013-GUXND,0.24654410234998916,0
2257-BOVXD,0.2175449815669564,0
9881-VCZEP,0.2722155169422509,0
0485-ZBSLN,0.014261609249579974,0
4770-UEZOX,0.7425584002716562,1
3209-ZPKFI,0.09465291265158746,0
7168-HDQHG,0.045068508867178184,0
6308-CQRBU,0.13882738233477185,0
8878-HMWBV,0.4865229746574071,0
0082-LDZUE,0.34314111090746174,0
9142-KZXOP,0.17967408936874532,0
7905-TVXTA,0.4284144413566857,0
1016-DJTSV,0.6662551205827781,1
1866-DIOQZ,0.021517038114646166,0
0259-GBZSH,0.7818174529724683,1
5977-CKHON,0.20646958349588984,0
2270-CHBFN,0.18375986598105698,0
9878-TNQGW,0.7654380880604925,1
0953-LGOVU,0.10843200142077347,0
6994-FGRHH,0.10535504720219244,0
3658-KIBGF,0.5373559550121306,1
2674-MLXMN,0.10821348144252717,0
0218-QNVAS,0.08051642838386203,0
9392-XBGTD,0.07062611400663765,0
9638-JIQYA,0.25348824620984695,0
0895-LNKRC,0.15302711460559973,0
0013-SMEOE,0.08285850656269879,0
1571-SAVHK,0.5198153536199047,1
7180-PISOG,0.680216498566405,1
9360-AHGNL,0.2388764260455187,0
1154-HYWWO,0.09769541510720661,0
8544-GOQSH,0.3998722088660916,0
5089-IFSDP,0.20073062834401934,0
6928-ONTRW,0.009485939403445129,0
8887-IPQNC,0.2758670749841554,0
0947-IDHRQ,0.5887653345756674,1
7566-DSRLQ,0.13567005664744783,0
7188-CBBBA,0.2081313844159837,0
8580-AECUZ,0.7668273733771853,1
0585-EGDDA,0.35950739345383254,0
5296-PSYVW,0.02491760465039392,0
0135-NMXAP,0.5803171797829727,1
6710-HSJRD,0.2170894950937363,0
1729-VLAZJ,0.13286131826701647,0
7812-FZHPE,0.10823692951809813,0
5876-HZVZM,0.27180923599709494,0
5131-PONJI,0.16021586429391454,0
5726-CVNYA,0.14279676055490995,0
5863-OOKCL,0.17405240116377285,0
2982-IHMFT,0.6247820795824104,1
0595-ITUDF,0.15323571649898027,0
3957-LXOLK,0.6283791619885982,1
7668-XCFYV,0.6676738856996736,1
7593-JNWRU,0.229629269716019,0
1396-QWFBJ,0.3243548870802097,0
3132-TVFDZ,0.0695169570367363,0
1839-FBNFR,0.04014596808514665,0
8705-WZCYL,0.4871646671703468,0
6963-EZQEE,0.034236997351737984,0
1904-WAJAA,0.26275723902183246,0
3727-JEZTU,0.24506795773191703,0
1187-WILMM,0.03531400139887757,0
1229-RCALF,0.19804861719918496,0
1270-XKUCC,0.05863398903279996,0
9236-NDUCW,0.1023021550797817,0
4465-VDKIQ,0.6003034581649429,1
8008-HAWED,0.3746169704505038,0
7450-NWRTR,0.7512312878084837,1
6732-VAILE,0.024404834577943194,0
5575-GNVDE,0.13369467120019352,0
9752-ZNQUT,0.5060726985356023,1
3454-JFUBC,0.015985286972745264,0
6407-UTSLV,0.6573350287857677,1
6656-JWRQX,0.20248091367878285,0
4999-IEZLT,0.013512801029937835,0
0907-HQNTS,0.0916331569924598,0
7590-VHVEG,0.4022251117044916,0
1060-ENTOF,0.09018306378277642,0
3457-PQBYH,0.017769586316189388,0
5619-XZZKR,0.2196353455448981,0
5555-RNPGT,0.14986893135213994,0
0780-XNZFN,0.02616947862928638,0
3374-LXDEV,0.6017423940745416,1
5133-VRSAB,0.22114690614799956,0
9388-ZEYVT,0.08436181407006207,0
9909-DFRJA,0.34831692877738213,0
8577-QSOCG,0.04218010532022463,0
2137-DQMEV,0.01851587266885179,0
4274-DRSQT,0.10907630141198216,0
2758-RNWXS,0.3607686065831177,0
5671-UUNXD,0.2572977273876953,0
0247-SLUJI,0.1849486861483342,0
9919-FZDED,0.04438139789103593,0
5840-NVDCG,0.16338633551642362,0
4521-WFJAI,0.03027887302928041,0
9860-LISIZ,0.06931524455401519,0
7734-DBOAI,0.28153147354154917,0
0057-QBUQH,0.06831890158211786,0
6298-QDFNH,0.5644546916057054,1
1757-TCATG,0.04779066873944004,0
6838-YAUVY,0.1312855908352798,0
2369-FEVNO,0.2432311885581219,0
1169-WCVAK,0.3770782562890243,0
8559-CIZFV,0.15815581420322303,0
9068-VPWQQ,0.039122492891646876,0
6543-XRMYR,0.5763264912460656,1
8722-PRFDV,0.03070203771969514,0
6233-HXJMX,0.23938565662111558,0
9668-PUGNU,0.02599880701250029,0
7074-IEVOJ,0.7516240749436689,1
3506-OVLKD,0.07409773410097502,0
3992-YWPKO,0.6329416714842558,1
3128-YOVTD,0.12241763619728196,0
7389-KBFIT,0.2111945091334522,0
4622-YNKIJ,0.38040144668576115,0
3778-FOAQW,0.09951040355666264,0
3146-JTQHR,0.16945524112379654,0
3945-GFWQL,0.3007736206068743,0
3987-KQDDU,0.6822569125288193,1
6243-OZGFH,0.26324980608156856,0
7817-BOQPW,0.7455909656752988,1
8388-FYNPZ,0.5131937330105527,1
4703-MQYKT,0.11581886532798592,0
3284-SVCRO,0.0459845344813101,0
8847-GEOOQ,0.030526688915693267,0
9581-GVBXT,0.02257067400161157,0
8350-NYMVI,0.05442758578470676,0
6352-TWCAU,0.45538054534320616,0
8044-BGWPI,0.20478105658810475,0
5834-ASPWA,0.7535848699305293,1
5884-GCYMI,0.6009363857184892,1
7909-FIOIY,0.10127752870449352,0
7055-JCGNI,0.0938498379738853,0
1658-XUHBX,0.10571506258409602,0
5590-BYNII,0.6649116257925407,1
6518-PPLMZ,0.021724533326036462,0
9824-BEMCV,0.4830034555810054,0
1813-JYWTO,0.07023050710226253,0
4350-ZTLPI,0.16567405702015767,0
9507-EXLTT,0.6364964399772299,1
5766-XQXMQ,0.19640959075543066,0
0106-UGRDO,0.16776743124835433,0
4257-GAESD,0.2976952326762568,0
6683-VLCTZ,0.6749429154604426,1
0970-ETWGE,0.8019465948643485,1
8679-JOEVF,0.2937480545429193,0
4883-QICIH,0.21251747432567517,0
7156-MXBJE,0.10364565292921518,0
7216-EWTRS,0.8285243859760862,1
3370-HXOPH,0.7391588999737255,1
8963-JLGJT,0.30906971222184537,0
1602-IJQQE,0.7275228790855102,1
3791-LGQCY,0.18728492982218203,0
4255-DDUOU,0.18736134411951808,0
3487-EARAT,0.019375919009912323,0
2903-YYTBW,0.4011981795130398,0
5688-KZTSN,0.18044860685772243,0
4282-YMKNA,0.678577586142591,1
8942-DBMHZ,0.16596668464562842,0
8097-OMULG,0.03289403906031995,0
5701-ZIKJE,0.18127976613028934,0
3144-KMTWZ,0.09247605699689161,0
4808-YNLEU,0.13505382107308966,0
2232-DMLXU,0.38234780987697187,0
1934-SJVJK,0.24414840379056135,0
8197-BFWVU,0.025778172764497113,0
5126-RCXYW,0.02252743308164562,0
5996-DAOQL,0.24525214894874772,0
0030-FNXPP,0.22702221087809127,0
4510-PYUSH,0.11475948005770313,0
6322-HRPFA,0.03638258618330509,0
2057-ZBLPD,0.5984294745225018,1
8329-GWVPJ,0.10790972173822477,0
3845-FXCYS,0.3551262281959166,0
9497-QCMMS,0.8142901428612462,1
1080-BWSYE,0.020303987457479463,0
5519-NPHVG,0.7311924482461519,1
5063-IUOKK,0.15802438951639694,0
8450-LUGUK,0.04740351657096912,0
7613-LLQFO,0.6913829898259918,1
3158-MOERK,0.8149229284988733,1
0979-PHULV,0.08563886918705703,0
5680-LQOGP,0.03473578408043073,0
8620-RJPZN,0.37026068356442104,0
4390-KYULV,0.22122948575938292,0
1608-GMEWB,0.25645410066040886,0
3635-JBPSG,0.20053642989041365,0
5542-NKVRU,0.04992874931156814,0
7037-MTYVW,0.09341544266090478,0
9992-UJOEL,0.36020616109356546,0
2987-BJXIK,0.051116196667695686,0
0516-QREYC,0.10410319974015274,0
7693-LCKZL,0.6657255363608355,1
6486-LHTMA,0.5091800036995942,1
3419-SNJJD,0.14462356845161367,0
3967-VQOGC,0.013099495932486098,0
5348-CAGXB,0.7126144597518459,1
6625-UTXEW,0.3868451106643315,0
2667-WYLWJ,0.1425532668938598,0
9819-FBNSV,0.2339648721336021,0
0519-XUZJU,0.6073632071900646,1
9821-BESNZ,0.16050925787014655,0
4986-MXSFP,0.2354775825519474,0
0191-EQUUH,0.06610500410097386,0
4660-IRIBM,0.41960807802929617,0
8095-WANWK,0.2627655042525501,0
9501-UKKNL,0.04985450573684228,0
9688-YGXVR,0.24335697742273238,0
1612-EOHDH,0.48890548447287896,0
5730-RIITO,0.060784585059665115,0
0208-BPQEJ,0.1213685209350216,0
1241-FPMOF,0.03187171431932473,0
1984-FCOWB,0.14485891635168177,0
7041-TXQJH,0.08819669481498559,0
4853-RULSV,0.08122893383924566,0
7253-UVNDW,0.05199439139077828,0
3536-IQCTX,0.4711940152041314,0
9943-VSZUV,0.08259821531734565,0
9089-UOWJG,0.23073301280549433,0
2452-KDRRH,0.1305662853299191,0
7598-UAASY,0.7397955851918263,1
5130-YPIRV,0.05393160241807981,0
8429-XIBUM,0.5272684477153943,1
5702-SKUOB,0.21048443206618653,0
3716-BDVDB,0.7293678932232536,1
8665-UTDHZ,0.33489384029747227,0
7841-FCRQD,0.08448867365748049,0
4903-UYAVB,0.20236706103410063,0
5129-HHMZC,0.10176805240844808,0
6458-CYIDZ,0.7396229156573509,1
9073-ZZIAY,0.06061904156608023,0
3404-JNXAX,0.14213382438920572,0
6121-VZNQB,0.2403118434925802,0
3672-YITQD,0.421269810277795,0
6505-OZNPG,0.280933321760185,0
0289-IVARM,0.2220819472906995,0
0164-XAIRP,0.1027189634408155,0
7284-BUYEC,0.3328611365389531,0
2516-XSJKX,0.12382477933648396,0
8138-EALND,0.14651959945553186,0
6288-LBEAR,0.3044626161810898,0
3858-VOBET,0.5317302881906214,1
8316-BBQAY,0.025611102133522266,0
8040-MNRTF,0.6090234643633728,1
8731-WBBMB,0.18087477820200337,0
3627-FCRDW,0.6620836112864347,1
7139-JZFVG,0.03552802330237186,0
8167-GJLRN,0.29421783327851303,0
7890-VYYWG,0.28049594128435207,0
9386-LDCZR,0.1842470861011108,0
4950-BDEUX,0.18550095506740608,0
3902-MIVLE,0.027113337433868127,0
1139-WUOAH,0.031875578790111075,0
5986-WWXDV,0.041607996222525076,0
4815-GBTCD,0.34898463986264994,0
3549-ZTMNH,0.13147676053650673,0
4884-LEVMQ,0.053889826645067786,0
5419-CONWX,0.7069843465000385,1
8612-GXIDD,0.1346919595564908,0
4412-YLTKF,0.5026196243655308,1
0559-CKHUS,0.08035565251861247,0
2004-OCQXK,0.7768175817691599,1
5707-ZMDJP,0.037187997271695306,0
6904-JLBGY,0.0954205868799041,0
3678-MNGZX,0.011372568324208,0
9838-BFCQT,0.010760951953134274,0
1951-IEYXM,0.024485998083219784,0
0895-DQHEW,0.3278539336257564,0
3439-GVUSX,0.2600966479642763,0
6253-GNHWH,0.017490391368882894,0
2346-DJQTB,0.12151400899995092,0
5968-HYJRZ,0.031148488923583125,0
3645-DEYGF,0.1954430165809629,0
1346-UFHAX,0.5213386807309929,1
3500-NSDOA,0.0198269340953047,0
3733-UOCWF,0.08024224952491976,0
4304-TSPVK,0.10276517239119187,0
0128-MKWSG,0.07736452947641259,0
2361-FJWNO,0.047379668423820485,0
3785-NRHYR,0.2423163144387004,0
6419-ZTTLE,0.17391513291781804,0
2831-EBWRN,0.45929079783837956,0
4439-YRNVD,0.2552891233416416,0
1150-FTQGN,0.1118121576465726,0
0567-XRHCU,0.017430682905758915,0
8659-HDIYE,0.03551707570411828,0
1561-BWHIN,0.09248719984525755,0
1657-DYMBM,0.029298068680130292,0
3398-GCPMU,0.023991659938770372,0
6849-OYAMU,0.35987340149174785,0
5906-BFOZT,0.24176851467515287,0
1237-WIYYZ,0.13012123750057752,0
4385-GZQXV,0.5937562462995485,1
2592-YKDIF,0.24488385996469103,0
2974-GGUXS,0.3209697829583596,0
2188-SXWVT,0.1292623779078881,0
7989-CHGTL,0.24213362075500186,0
2988-QRAJY,0.1402841673651815,0
9399-APLBT,0.6810818957772473,1
9637-CDTKZ,0.08618596701055842,0
7055-HNEOJ,0.26803182690116373,0
2378-HTWFW,0.33706503232847385,0
0164-APGRB,0.15317344248867132,0
5499-ECUTN,0.0899431774337645,0
9618-LFJRU,0.2213460468458364,0
4139-SUGLD,0.04945908919989836,0
3070-FNFZQ,0.07943730932459112,0
2777-PHDEI,0.7630692430875388,1
2842-BCQGE,0.20675720263756842,0
6901-GOGZG,0.06741486837611496,0
2984-RGEYA,0.010839330628285784,0
2530-ENDWQ,0.09323059246921439,0
8671-KKKOS,0.11009126613064606,0
8148-NLEGT,0.06548111183838831,0
1897-OKVMW,0.03461579037593558,0
4816-OKWNX,0.13121731492144179,0
4182-BGSIQ,0.13211233397844507,0
6376-GAHQE,0.737275752188696,1
8260-NGFNY,0.26317307961675723,0
8229-TNIQA,0.31795982111180826,0
2236-HILPA,0.01501326968975948,0
0248-PGHBZ,0.07433416166248462,0
0804-XBFBV,0.2342931865251893,0
0369-ZGOVK,0.24627953853902862,0
7901-HXJVA,0.6360311748132522,1
2235-ZGKPT,0.26956542231840197,0
3913-RDSJZ,0.020264427814141738,0
9643-AVVWI,0.5810955007951574,1
8149-AIQCG,0.22969131951352137,0
8922-NPKBJ,0.03496033694527404,0
4576-CSAJH,0.13975109258540608,0
1121-QSIVB,0.09963273322419461,0
3712-PKXZA,0.02095489403982701,0
4707-YNOQA,0.05536281817851234,0
4361-FEBGN,0.03822212359499277,0
0318-QUUOB,0.7635242288212836,1
6576-FBXOJ,0.25642575442673476,0
2479-BRAMR,0.24315561920748255,0
3752-CQSJI,0.11886598253284644,0
6345-FZOQH,0.014574622886147937,0
7270-BDIOA,0.5058613744980968,1
8593-WHYHV,0.7728968135480878,1
5372-FBKBN,0.09057452597940449,0
4030-VPZBD,0.3056676939440062,0
6772-KSATR,0.7759535868551948,1
0068-FIGTF,0.1705946261129483,0
6080-LNESI,0.036701637665364564,0
1705-GUHPV,0.02159502630556116,0
4227-OJHAL,0.03201305160184218,0
0835-JKADZ,0.14956679557425914,0
3785-KTYSH,0.03357929823382449,0
9114-AAFQH,0.14444509788162674,0
7605-SNLQG,0.073122214057859,0
3062-ICYZQ,0.2516030410399918,0
7445-WMRBW,0.06886796112233404,0
9530-GRMJG,0.04160371688975427,0
1205-WNWPJ,0.2569173489961707,0
8413-VONUO,0.8138697942394852,1
6434-TTGJP,0.16038060659192568,0
6728-DKUCO,0.13940425155152417,0
2516-VQRRV,0.6189801088620885,1
7315-WYOAW,0.6544524954675488,1
7501-VTYLJ,0.3001708581564668,0
2749-CTKAJ,0.08238211324733367,0
5248-YGIJN,0.03245421821874971,0
2178-PMGCJ,0.3726516762963134,0
9314-IJWSQ,0.5939339960849173,1
4338-EYCER,0.20050264112191948,0
7109-MFBYV,0.2399534380385648,0
3318-NMQXL,0.7954530753236302,1
0186-CAERR,0.09748412900209133,0
4860-IJUDE,0.4902490204983897,0
3308-JSGML,0.03432574814078779,0
9530-EHPOH,0.4209199069216697,0
6305-YLBMM,0.08469589048977143,0
3230-WYKIR,0.24888897045174177,0
9945-PSVIP,0.07089514329092188,0
7721-JXEAW,0.03399481933632662,0
3727-RJMEO,0.7300703863714482,1
2230-XTUWL,0.02708125300720548,0
5084-OOVCJ,0.12624018404741655,0
8270-RKSAP,0.6598532046600888,1
8584-KMVXD,0.6918417920705636,1
5842-POCOP,0.6392183421044534,1
2805-AUFQN,0.09912573445412275,0
7312-XSBAT,0.5117939204456587,1
4983-CCWMC,0.5803445170835878,1
0804-YGEQV,0.03693316620468636,0
1709-EJDOX,0.028390574197891063,0
2277-DJJDL,0.17672206506582952,0
9470-XCCEM,0.25972070590150026,0
3224-DFQNQ,0.1186511873235162,0
7517-LDMPS,0.692019749746476,1
8668-KNZTI,0.1046293823753012,0
8207-DMRVL,0.06604698072982076,0
6275-YDUVO,0.668013960609964,1
0550-DCXLH,0.25848967957230773,0
4365-MSDYN,0.1822277486127643,0
9863-JZAIC,0.12432702922884299,0
7197-VOJMM,0.026829446440583136,0
1084-UQCHV,0.5298239280298858,1
9279-CJEOJ,0.5088289463963984,1
0112-QWPNC,0.13022178348352015,0
9095-HFAFX,0.613479020750494,1
8873-TMKGR,0.0832310834461298,0
2862-PFNIK,0.32117640757019317,0
7996-BPXHY,0.12868470758026254,0
3399-BMLVW,0.03396564029945045,0
9128-CPXKI,0.25678067469897436,0
5828-DWPIL,0.20146988783173783,0
7969-AULMZ,0.659745139365194,1
2603-HVKCG,0.5737019701552901,1
0909-SDHNU,0.18207462456894405,0
9170-CCKOU,0.5157151437527232,1
4080-OGPJL,0.42881154255262044,0
7623-TRNQN,0.21711343120543072,0
6629-LADHQ,0.3631934628599915,0
4652-ODEVH,0.03388944836116071,0
9862-KJTYK,0.10660403244796914,0
3934-HXCFZ,0.6372784767511191,1
4419-UJMUS,0.09709968177377662,0
7336-RLLRH,0.1713748437191472,0
3649-JPUGY,0.032909520280609464,0
6599-GZWCM,0.49472693623909997,0
1564-HJUVY,0.30075446173879483,0
9199-PWQVC,0.05975434599500137,0
7606-BPHHN,0.013356879383678525,0
4317-VTEOA,0.5167664384551502,1
3061-BCKYI,0.15256847250079406,0
7716-YTYHG,0.14451799526875905,0
3352-RICWQ,0.13719041391289652,0
0295-QVKPB,0.29228599175422837,0
1764-VUUMT,0.013013054833600666,0
5989-OMNJE,0.23756873474533913,0
3247-MHJKM,0.24433212756028688,0
9972-NKTFD,0.10960353360208529,0
2359-KLTEK,0.22963084238347758,0
9231-ZJYAM,0.741113387456407,1
4829-ZLJTK,0.20438328838455444,0
1047-NNCBF,0.3977675832287984,0
6465-GSRCL,0.07329356062125979,0
8286-AFUYI,0.5028381646112869,1
3092-IGHWF,0.1266647082570067,0
0541-FITGH,0.4047225886518318,0
2203-GHNWN,0.3871760960176752,0
7954-MLBUN,0.31481870191457045,0
2675-DHUTR,0.2682095004705123,0
7824-PANSQ,0.08662078304783116,0
8805-JNRAZ,0.3551754017626723,0
0390-DCFDQ,0.5946017926796704,1
3923-CSIHK,0.23121304384586952,0
9570-KYEUA,0.0951051105980493,0
1075-BGWOH,0.7038468553907216,1
6490-FGZAT,0.2070138847996846,0
1921-KYSAY,0.14080361151008933,0
6732-FZUGP,0.24347228866345336,0
1877-HKBQX,0.20785265264543995,0
9822-WMWVG,0.37868514378262624,0
0877-SDMBN,0.22000307897711213,0
7672-VFMXZ,0.055937014697253935,0
4926-UMJZD,0.08437946139413927,0
4877-TSOFF,0.03832405912382738,0
9391-TTOYH,0.10680627269675025,0
6653-CBBOM,0.7340571927255405,1
7551-DACSP,0.2694516487630655,0
0219-YTZUE,0.5592304428191792,1
0929-PECLO,0.1242773098801733,0
9506-UXUSK,0.6171217858464665,1
7394-FKDNK,0.7296050864084189,1
3797-FKOGQ,0.643161379780246,1
5600-PDUJF,0.22854649582940154,0
6507-ZJSUR,0.595896116795148,1
5539-HIVAK,0.0935941819474962,0
6848-YLDFR,0.03333349580107918,0
4446-BZKHU,0.26794176775108136,0
0447-BEMNG,0.05885784163529287,0
3813-DHBBB,0.018810461439552832,0
7742-MYPGI,0.17155916850210595,0
2274-XUATA,0.019163598830149543,0
6652-YFFJO,0.47575876037011655,0
5012-YSPJJ,0.07052467127553759,0
2931-SVLTV,0.21231015022857108,0
6463-MVYRY,0.04372758749881873,0
6435-SRWBJ,0.6540748071380476,1
6906-ANDWJ,0.3894977067168161,0
4625-XMOYM,0.010792784554433396,0
8963-MQVYN,0.14589329926322395,0
1891-QRQSA,0.08697543442830352,0
3090-LETTY,0.3408826014044711,0
1376-HHBDV,0.13556872065439182,0
7771-ZONAT,0.1436242795452877,0
0608-JDVEC,0.05837472834578011,0
2925-MXLSX,0.1897742539450119,0
6374-AFWOX,0.061483630336556946,0
1125-SNVCK,0.05736948925547765,0
6762-NSODU,0.029446738834911758,0
3373-DIUUN,0.060360439378341776,0
4102-HLENU,0.03864565796161658,0
3346-BRMIS,0.3130696732383547,0
4302-ZYFEL,0.011011414739795842,0
5204-QZXPU,0.2776143212370942,0
9588-OZDMQ,0.4652560582158559,0
3714-XPXBW,0.11781430034885543,0
5766-ZJYBB,0.24140378376630822,0
0637-YLETY,0.5651782597355631,1
1142-WACZW,0.19319600313441257,0
2276-YDAVZ,0.6067505086827695,1
4988-IQIGL,0.7532150306549982,1
4083-EUGRJ,0.18471479618142833,0
2805-EDJPQ,0.09705516400574457,0
9402-ROUMJ,0.06233801346653091,0
0431-APWVY,0.3259859246012298,0
5944-UGLLK,0.03900265244955631,0
5397-TUPSH,0.0786958772893851,0
3551-HUAZH,0.7496829770855609,1
9774-NRNAU,0.18283094157680202,0
9505-SQFSW,0.23825669227975815,0
9817-APLHW,0.2817312465332437,0
1513-XNPPH,0.6123761353999972,1
3733-ZEECP,0.16055499842744783,0
2697-NQBPF,0.4486914149345372,0
3623-FQBOX,0.11653425919123772,0
9805-FILKB,0.0299053011561303,0
7228-PAQPD,0.20067492186126115,0
0757-WCUUZ,0.04847395494248653,0
4111-BNXIF,0.029539761952480734,0
6198-RTPMF,0.6678946966980133,1
0930-EHUZA,0.11717343561105373,0
7526-IVLYU,0.226324320203123,0
3452-GWUIN,0.6584280545485632,1
8400-WZICQ,0.07005243296561675,0
4254-QPEDE,0.048288404544582546,0
1023-BQXZE,0.07258345387701583,0
5161-XEUVX,0.2323769502870409,0
4250-WAROZ,0.18208911430636102,0
4423-YLHDV,0.5417102894682375,1
9424-CMPOG,0.13683734963629607,0
0742-MOABM,0.2380002713520561,0
7706-DZNKK,0.17222987543589557,0
2729-VNVAP,0.05177082768213628,0
8404-GFGCZ,0.5453033013151893,1
4335-UPJSI,0.07868937626242477,0
4367-NHWMM,0.2620166812670335,0
8630-FJLIB,0.5615556249692394,1
8780-RSYYU,0.09806424271306732,0
6899-PPEEA,0.4832412320984241,0
0774-RMNUW,0.013989054345177405,0
1965-DDBWU,0.42165063225360766,0
3212-KXOCR,0.032711441510902446,0
0409-WTMPL,0.20459054099247165,0
0867-MKZVY,0.5894978289670514,1
7814-LEEVE,0.2360730714697302,0
7883-ROJOC,0.18435937075318717,0
4825-FUREZ,0.0820269958425665,0
5325-UWTWJ,0.26852832489573447,0
3629-WEAAM,0.2659900038865077,0
3345-PBBFH,0.2882020331237624,0
3030-YDNRM,0.6886497123411827,1
2722-JMONI,0.4989888042845764,0
4690-LLKUA,0.3187179847991247,0
4318-RAJVY,0.17678781309777725,0
5371-VYLSX,0.28733115608999416,0
7529-ZDFXI,0.24244915978684395,0
0661-WCQNQ,0.1367311420645609,0
7103-IPXPJ,0.25257146429767985,0
3640-PHQXK,0.5170051612505164,1
9101-NTIXF,0.2333341477146508,0
2475-MROZF,0.30540514306599725,0
8414-MYSHR,0.7785107686758079,1
6087-YPWHO,0.02114737319001339,0
2495-TTHBQ,0.17425982022156739,0
8982-NHAVY,0.4673857089677114,0
3280-MRDOF,0.13052663724657798,0
2209-XADXF,0.2633661313235352,0
3569-EDBPQ,0.45557081218714557,0
7654-YWJUF,0.15942894460133591,0
2542-HYGIQ,0.24341444439148868,0
6094-ZIVKX,0.031243737872498182,0
3508-VLHCZ,0.02554896326535401,0
2115-BFTIW,0.3475746506408433,0
1925-TIBLE,0.7355677333479771,1
7319-ZNRTR,0.12270262775541328,0
0224-RLWWD,0.4735530290555538,0
4588-YBNIB,0.24213362075500186,0
2223-GDSHL,0.07078985290671662,0
6910-HADCM,0.7568966098407508,1
0921-OHLVP,0.5824685309993306,1
8819-WFGGJ,0.029643827412340798,0
3106-ULWFW,0.5901478509440194,1
9018-PCIOK,0.06601328119569116,0
6211-WWLTF,0.14200614865891628,0
2684-EIWEO,0.3918452930980653,0
8450-UYIBU,0.15900651206575386,0
6791-YBNAK,0.10672926327815724,0
3254-YRILK,0.6385730551294487,1
4698-KVLLG,0.03324437545475825,0
7608-RGIRO,0.016926615480648315,0
8547-NSBBO,0.26702732046645694,0
7241-AJHFS,0.2578518291370409,0
7995-ZHHNZ,0.09199680322385027,0
4710-NKCAW,0.22802527161149783,0
6542-LWGXJ,0.23686726820887485,0
1626-ERCMM,0.6465145733979748,1
9208-OLGAQ,0.6339177009774538,1
4369-NYSCF,0.05102655788062559,0
2722-VOJQL,0.10664917550918605,0
3682-YEUWS,0.14296977622149296,0
5018-HEKFO,0.1908180655075669,0
0810-BDHAW,0.32038551352391365,0
3803-KMQFW,0.18751293635188318,0
1455-UGQVH,0.7555051980048136,1
7601-DHFWZ,0.041141384384459356,0
3719-TDVQB,0.02754534588843256,0
1042-HFUCW,0.0948364328507877,0
7786-WBJYI,0.6096463781976241,1
3023-GFLBR,0.2634852949462952,0
7711-GQBZC,0.010940313848633131,0
2091-MJTFX,0.06934579939393522,0
4847-QNOKA,0.34583822721070856,0
8220-OCUFY,0.2528946191342155,0
2379-ENZGV,0.7468799518606096,1
5759-RCVCB,0.28503164428010125,0
0221-WMXNQ,0.7275228790855102,1
9600-UDOPK,0.39173384151483365,0
5148-ORICT,0.03373838497994699,0
6235-VDHOM,0.3646711175054545,0
2674-MIAHT,0.620720204537552,1
3129-AAQOU,0.10264456238385695,0
0013-MHZWF,0.2225204254956141,0
5887-IKKYO,0.0811339683795192,0
9732-EQMWY,0.3560511407917439,0
8337-MSSXB,0.6801058159519668,1
0602-DDUML,0.04364442317390502,0
8868-WOZGU,0.6262849264956993,1
3197-NNYNB,0.15018569071810922,0
4508-OEBEY,0.13461708742408754,0
8397-MVTAZ,0.5222620488165712,1
8966-SNIZF,0.013825340332728003,0
6508-NJYRO,0.13843823815138945,0
5062-CJJKH,0.13270064431813935,0
7663-RGWBC,0.34246840266097317,0
3195-TQDZX,0.34768781437039914,0
5649-ANRML,0.6055309773777768,1
8033-ATFAS,0.08486574537255767,0
9770-KXGQU,0.20956206160211446,0
0623-IIHUG,0.26880410907530206,0
4598-ZADCK,0.06647146263734986,0
3108-PCCGG,0.04467783121550334,0
6769-DYBQN,0.3322097298860474,0
1337-BOZWO,0.15322282559049286,0
7925-PNRGI,0.06499082904956012,0
1768-HNVGJ,0.12367385192476671,0
2823-LKABH,0.42905104566923363,0
7233-IOQNP,0.03835255791430035,0
2731-GJRDG,0.34950584789588357,0
4441-NIHPT,0.6364435849857454,1
3882-IYOIJ,0.10908175532405025,0
8563-IIOXK,0.3625192178693335,0
1217-VASWC,0.291070834974559,0
6447-EGDIV,0.07932386515182632,0
9361-YNQWJ,0.020753668414312348,0
4393-RYCRE,0.4526387455229218,0
1597-FZREH,0.5213101948807678,1
9117-SHLZX,0.3494498369667968,0
8441-SHIPE,0.018634779159958183,0
3511-BFTJW,0.01373237300401404,0
1428-GTBJJ,0.6579337086051126,1
